,Time,Session,Volume,Price Entry,B/S,Profit
0,2023-04-13 03:45:00-04:00,Overnight Session,394,12986.75,Sell,-10
1,2023-04-13 05:10:00-04:00,Overnight Session,830,12987.25,Buy,70
2,2023-04-13 06:05:00-04:00,Overnight Session,538,12990.75,Sell,-75
3,2023-04-13 07:10:00-04:00,Overnight Session,579,12994.5,Buy,-305
4,2023-04-13 07:45:00-04:00,Overnight Session,709,12979.25,Sell,-385
5,2023-04-13 08:30:00-04:00,Pre-Market,7545,12998.5,Buy,2210
6,2023-04-13 10:55:00-04:00,RTH Session,5016,13109,Sell,-1305
7,2023-04-13 13:35:00-04:00,RTH Lunch,3221,13174.25,Buy,575
8,2023-04-13 14:35:00-04:00,RTH Lunch,4455,13203,Sell,155
9,2023-04-13 18:35:00-04:00,Asia Session,508,13195.25,Buy,-175
10,2023-04-13 19:40:00-04:00,Asia Session,282,13186.5,Sell,-200
11,2023-04-13 20:00:00-04:00,Asia Session,556,13196.5,Buy,-220
12,2023-04-13 20:05:00-04:00,Asia Session,520,13185.5,Sell,-165
13,2023-04-13 20:15:00-04:00,Asia Session,223,13193.75,Buy,200
14,2023-04-13 21:20:00-04:00,Asia Session,178,13203.75,Sell,200
15,2023-04-13 23:25:00-04:00,Overnight Session,82,13193.75,Buy,55
16,2023-04-14 00:35:00-04:00,Overnight Session,78,13196.5,Sell,-5
17,2023-04-14 01:55:00-04:00,Overnight Session,199,13196.75,Buy,-170
18,2023-04-14 02:00:00-04:00,Overnight Session,618,13188.25,Sell,-170
19,2023-04-14 02:15:00-04:00,Overnight Session,218,13196.75,Buy,-215
20,2023-04-14 02:45:00-04:00,Overnight Session,473,13186,Sell,-410
21,2023-04-14 03:15:00-04:00,Overnight Session,801,13206.5,Buy,-355
22,2023-04-14 04:10:00-04:00,Overnight Session,675,13188.75,Sell,460
23,2023-04-14 06:40:00-04:00,Overnight Session,548,13165.75,Buy,-565
24,2023-04-14 06:50:00-04:00,Overnight Session,3052,13137.5,Sell,-110
25,2023-04-14 07:30:00-04:00,Overnight Session,1123,13143,Buy,-480
26,2023-04-14 08:40:00-04:00,Pre-Market,3721,13119,Sell,-330
27,2023-04-14 09:20:00-04:00,Pre-Market,1650,13135.5,Buy,55
28,2023-04-14 10:20:00-04:00,RTH Session,15071,13138.25,Sell,785
29,2023-04-14 13:10:00-04:00,RTH Lunch,4306,13099,Buy,695
30,2023-04-14 15:15:00-04:00,RTH Power Hour,8885,13133.75,Sell,-705
31,2023-04-14 15:35:00-04:00,RTH Power Hour,4408,13169,Buy,610
32,2023-04-14 16:55:00-04:00,After-Session,533,13199.5,Sell,130
33,2023-04-16 20:20:00-04:00,Asia Session,310,13193,Buy,-125
34,2023-04-16 20:45:00-04:00,Asia Session,232,13186.75,Sell,-20
35,2023-04-16 21:40:00-04:00,Asia Session,479,13187.75,Buy,-120
36,2023-04-16 23:30:00-04:00,Overnight Session,171,13181.75,Sell,-15
37,2023-04-17 00:35:00-04:00,Overnight Session,116,13182.5,Buy,-40
38,2023-04-17 00:55:00-04:00,Overnight Session,86,13180.5,Sell,-90
39,2023-04-17 01:00:00-04:00,Overnight Session,381,13185,Buy,-150
40,2023-04-17 01:10:00-04:00,Overnight Session,316,13177.5,Sell,-230
41,2023-04-17 01:25:00-04:00,Overnight Session,397,13189,Buy,-85
42,2023-04-17 02:20:00-04:00,Overnight Session,317,13184.75,Sell,-290
43,2023-04-17 02:50:00-04:00,Overnight Session,506,13199.25,Buy,-25
44,2023-04-17 04:05:00-04:00,Overnight Session,655,13198,Sell,580
45,2023-04-17 06:20:00-04:00,Overnight Session,287,13169,Buy,5
46,2023-04-17 07:35:00-04:00,Overnight Session,980,13169.25,Sell,-355
47,2023-04-17 08:05:00-04:00,Pre-Market,944,13187,Buy,-355
48,2023-04-17 08:30:00-04:00,Pre-Market,2898,13169.25,Sell,-365
49,2023-04-17 08:35:00-04:00,Pre-Market,1743,13187.5,Buy,-275
50,2023-04-17 08:40:00-04:00,Pre-Market,1405,13173.75,Sell,-390
51,2023-04-17 09:35:00-04:00,RTH Session,9995,13193.25,Buy,-695
52,2023-04-17 09:45:00-04:00,RTH Session,10531,13158.5,Sell,-495
53,2023-04-17 10:20:00-04:00,RTH Session,7403,13183.25,Buy,-610
54,2023-04-17 10:30:00-04:00,RTH Session,7906,13152.75,Sell,190
55,2023-04-17 11:20:00-04:00,RTH Lunch,3911,13143.25,Buy,-475
56,2023-04-17 11:25:00-04:00,RTH Lunch,8076,13119.5,Sell,445
57,2023-04-17 12:35:00-04:00,RTH Lunch,3453,13097.25,Buy,35
58,2023-04-17 14:00:00-04:00,RTH Lunch,4512,13099,Sell,-270
59,2023-04-17 14:30:00-04:00,RTH Lunch,3417,13112.5,Buy,1585
60,2023-04-17 16:30:00-04:00,After-Session,342,13191.75,Sell,320
61,2023-04-17 21:30:00-04:00,Asia Session,539,13175.75,Buy,-60
62,2023-04-17 22:35:00-04:00,Overnight Session,215,13172.75,Sell,65
63,2023-04-18 01:10:00-04:00,Overnight Session,251,13169.5,Buy,305
64,2023-04-18 03:05:00-04:00,Overnight Session,549,13184.75,Sell,-370
65,2023-04-18 04:00:00-04:00,Overnight Session,1088,13203.25,Buy,1245
66,2023-04-18 06:05:00-04:00,Overnight Session,610,13265.5,Sell,-450
67,2023-04-18 07:40:00-04:00,Overnight Session,759,13288,Buy,-210
68,2023-04-18 07:50:00-04:00,Overnight Session,562,13277.5,Sell,-405
69,2023-04-18 08:30:00-04:00,Pre-Market,2472,13297.75,Buy,-350
70,2023-04-18 09:00:00-04:00,Pre-Market,2327,13280.25,Sell,1825
71,2023-04-18 11:15:00-04:00,RTH Lunch,4759,13189,Buy,-285
72,2023-04-18 14:15:00-04:00,RTH Lunch,4916,13174.75,Sell,-205
73,2023-04-18 14:20:00-04:00,RTH Lunch,3406,13185,Buy,-670
74,2023-04-18 14:45:00-04:00,RTH Lunch,9461,13151.5,Sell,-615
75,2023-04-18 15:15:00-04:00,RTH Power Hour,3790,13182.25,Buy,-315
76,2023-04-18 16:05:00-04:00,After-Session,2737,13166.5,Sell,-325
77,2023-04-18 16:25:00-04:00,After-Session,1009,13182.75,Buy,-145
78,2023-04-18 18:05:00-04:00,Asia Session,467,13175.5,Sell,-95
79,2023-04-18 18:55:00-04:00,Asia Session,169,13180.25,Buy,-110
80,2023-04-18 19:25:00-04:00,Asia Session,195,13174.75,Sell,-150
81,2023-04-18 20:10:00-04:00,Asia Session,383,13182.25,Buy,-165
82,2023-04-18 21:25:00-04:00,Asia Session,201,13174,Sell,65
83,2023-04-18 22:30:00-04:00,Overnight Session,171,13170.75,Buy,-85
84,2023-04-19 00:10:00-04:00,Overnight Session,150,13166.5,Sell,840
85,2023-04-19 03:10:00-04:00,Overnight Session,604,13124.5,Buy,-260
86,2023-04-19 04:15:00-04:00,Overnight Session,1034,13111.5,Sell,-140
87,2023-04-19 04:35:00-04:00,Overnight Session,510,13118.5,Buy,-285
88,2023-04-19 05:00:00-04:00,Overnight Session,1953,13104.25,Sell,450
89,2023-04-19 06:15:00-04:00,Overnight Session,417,13081.75,Buy,85
90,2023-04-19 08:05:00-04:00,Pre-Market,723,13086,Sell,-95
91,2023-04-19 08:25:00-04:00,Pre-Market,643,13090.75,Buy,-230
92,2023-04-19 08:30:00-04:00,Pre-Market,1004,13079.25,Sell,-205
93,2023-04-19 09:05:00-04:00,Pre-Market,1625,13089.5,Buy,2040
94,2023-04-19 12:55:00-04:00,RTH Lunch,2140,13191.5,Sell,890
95,2023-04-19 19:05:00-04:00,Asia Session,173,13147,Buy,-345
96,2023-04-19 19:30:00-04:00,Asia Session,1020,13129.75,Sell,-80
97,2023-04-19 20:00:00-04:00,Asia Session,491,13133.75,Buy,85
98,2023-04-19 22:25:00-04:00,Overnight Session,188,13138,Sell,80
99,2023-04-19 23:35:00-04:00,Overnight Session,81,13134,Buy,-55
100,2023-04-20 00:40:00-04:00,Overnight Session,206,13131.25,Sell,60
101,2023-04-20 02:10:00-04:00,Overnight Session,972,13128.25,Buy,-360
102,2023-04-20 03:10:00-04:00,Overnight Session,912,13110.25,Sell,1460
103,2023-04-20 05:15:00-04:00,Overnight Session,704,13037.25,Buy,290
104,2023-04-20 07:50:00-04:00,Overnight Session,788,13051.75,Sell,-140
105,2023-04-20 08:30:00-04:00,Pre-Market,3856,13058.75,Buy,-145
106,2023-04-20 09:25:00-04:00,Pre-Market,3028,13051.5,Sell,-695
107,2023-04-20 09:30:00-04:00,RTH Session,20562,13086.25,Buy,1005
108,2023-04-20 10:50:00-04:00,RTH Session,6388,13136.5,Sell,-175
109,2023-04-20 11:50:00-04:00,RTH Lunch,4173,13145.25,Buy,-440
110,2023-04-20 12:00:00-04:00,RTH Lunch,4798,13123.25,Sell,-660
111,2023-04-20 12:30:00-04:00,RTH Lunch,7985,13156.25,Buy,480
112,2023-04-20 13:45:00-04:00,RTH Lunch,3077,13180.25,Sell,2360
113,2023-04-20 15:50:00-04:00,RTH Power Hour,9197,13062.25,Buy,300
114,2023-04-20 19:40:00-04:00,Asia Session,310,13077.25,Sell,-185
115,2023-04-20 20:15:00-04:00,Asia Session,309,13086.5,Buy,-75
116,2023-04-20 20:25:00-04:00,Asia Session,162,13082.75,Sell,-85
117,2023-04-20 20:30:00-04:00,Asia Session,176,13087,Buy,120
118,2023-04-20 21:30:00-04:00,Asia Session,294,13093,Sell,-80
119,2023-04-20 23:10:00-04:00,Overnight Session,204,13097,Buy,-85
120,2023-04-20 23:45:00-04:00,Overnight Session,166,13092.75,Sell,-20
121,2023-04-20 23:50:00-04:00,Overnight Session,74,13093.75,Buy,-15
122,2023-04-20 23:55:00-04:00,Overnight Session,68,13093,Sell,80
123,2023-04-21 01:15:00-04:00,Overnight Session,249,13089,Buy,-140
124,2023-04-21 01:35:00-04:00,Overnight Session,432,13082,Sell,-80
125,2023-04-21 01:45:00-04:00,Overnight Session,197,13086,Buy,-125
126,2023-04-21 02:10:00-04:00,Overnight Session,235,13079.75,Sell,-125
127,2023-04-21 02:20:00-04:00,Overnight Session,329,13086,Buy,-115
128,2023-04-21 02:25:00-04:00,Overnight Session,347,13080.25,Sell,405
129,2023-04-21 03:55:00-04:00,Overnight Session,893,13060,Buy,170
130,2023-04-21 05:55:00-04:00,Overnight Session,612,13068.5,Sell,820
131,2023-04-21 07:30:00-04:00,Overnight Session,994,13027.5,Buy,-90
132,2023-04-21 09:50:00-04:00,RTH Session,13460,13023,Sell,-755
133,2023-04-21 10:20:00-04:00,RTH Session,9934,13060.75,Buy,-840
134,2023-04-21 10:45:00-04:00,RTH Session,13041,13018.75,Sell,-1055
135,2023-04-21 11:00:00-04:00,RTH Lunch,10383,13071.5,Buy,-10
136,2023-04-21 12:30:00-04:00,RTH Lunch,4190,13071,Sell,-575
137,2023-04-21 13:40:00-04:00,RTH Lunch,6499,13099.75,Buy,-155
138,2023-04-21 14:35:00-04:00,RTH Lunch,3596,13092,Sell,80
139,2023-04-21 15:55:00-04:00,RTH Power Hour,11450,13088,Buy,-240
140,2023-04-21 16:55:00-04:00,After-Session,505,13076,Sell,95
141,2023-04-23 18:50:00-04:00,Asia Session,344,13071.25,Buy,-265
142,2023-04-23 20:00:00-04:00,Asia Session,889,13058,Sell,25
143,2023-04-23 20:55:00-04:00,Asia Session,199,13056.75,Buy,-65
144,2023-04-23 22:40:00-04:00,Overnight Session,249,13053.5,Sell,-40
145,2023-04-23 23:25:00-04:00,Overnight Session,88,13055.5,Buy,-85
146,2023-04-23 23:30:00-04:00,Overnight Session,134,13051.25,Sell,5
147,2023-04-24 00:25:00-04:00,Overnight Session,98,13051,Buy,-90
148,2023-04-24 00:50:00-04:00,Overnight Session,77,13046.5,Sell,225
149,2023-04-24 02:35:00-04:00,Overnight Session,515,13035.25,Buy,-340
150,2023-04-24 03:15:00-04:00,Overnight Session,685,13018.25,Sell,-380
151,2023-04-24 03:20:00-04:00,Overnight Session,740,13037.25,Buy,-85
152,2023-04-24 04:30:00-04:00,Overnight Session,419,13033,Sell,-210
153,2023-04-24 05:05:00-04:00,Overnight Session,434,13043.5,Buy,400
154,2023-04-24 06:20:00-04:00,Overnight Session,647,13063.5,Sell,-335
155,2023-04-24 07:00:00-04:00,Overnight Session,1194,13080.25,Buy,-35
156,2023-04-24 07:45:00-04:00,Overnight Session,691,13078.5,Sell,-395
157,2023-04-24 08:50:00-04:00,Pre-Market,1390,13098.25,Buy,-350
158,2023-04-24 09:15:00-04:00,Pre-Market,1013,13080.75,Sell,-550
159,2023-04-24 09:35:00-04:00,RTH Session,15018,13108.25,Buy,-595
160,2023-04-24 10:05:00-04:00,RTH Session,9474,13078.5,Sell,1745
161,2023-04-24 12:15:00-04:00,RTH Lunch,5546,12991.25,Buy,900
162,2023-04-24 14:40:00-04:00,RTH Lunch,2679,13036.25,Sell,-295
163,2023-04-24 15:00:00-04:00,RTH Power Hour,4752,13051,Buy,-105
164,2023-04-24 15:20:00-04:00,RTH Power Hour,4192,13045.75,Sell,-395
165,2023-04-24 16:20:00-04:00,After-Session,584,13065.5,Buy,-205
166,2023-04-24 16:30:00-04:00,After-Session,688,13055.25,Sell,-10
167,2023-04-24 19:30:00-04:00,Asia Session,382,13055.75,Buy,-125
168,2023-04-24 20:15:00-04:00,Asia Session,248,13049.5,Sell,75
169,2023-04-24 21:20:00-04:00,Asia Session,136,13045.75,Buy,-100
170,2023-04-24 21:35:00-04:00,Asia Session,315,13040.75,Sell,345
171,2023-04-24 23:10:00-04:00,Overnight Session,280,13023.5,Buy,-210
172,2023-04-24 23:50:00-04:00,Overnight Session,475,13013,Sell,60
173,2023-04-25 00:40:00-04:00,Overnight Session,313,13010,Buy,-110
174,2023-04-25 03:00:00-04:00,Overnight Session,1803,13004.5,Sell,85
175,2023-04-25 04:40:00-04:00,Overnight Session,1439,13000.25,Buy,-95
176,2023-04-25 06:30:00-04:00,Overnight Session,692,12995.5,Sell,-100
177,2023-04-25 06:35:00-04:00,Overnight Session,485,13000.5,Buy,-45
178,2023-04-25 07:40:00-04:00,Overnight Session,626,12998.25,Sell,-215
179,2023-04-25 08:20:00-04:00,Pre-Market,602,13009,Buy,-115
180,2023-04-25 08:30:00-04:00,Pre-Market,1003,13003.25,Sell,-185
181,2023-04-25 09:40:00-04:00,RTH Session,10490,13012.5,Buy,-685
182,2023-04-25 09:45:00-04:00,RTH Session,17555,12978.25,Sell,375
183,2023-04-25 11:05:00-04:00,RTH Lunch,8651,12959.5,Buy,-490
184,2023-04-25 11:40:00-04:00,RTH Lunch,8011,12935,Sell,575
185,2023-04-25 12:55:00-04:00,RTH Lunch,4880,12906.25,Buy,-670
186,2023-04-25 13:20:00-04:00,RTH Lunch,7777,12872.75,Sell,395
187,2023-04-25 14:30:00-04:00,RTH Lunch,4552,12853,Buy,-595
188,2023-04-25 15:45:00-04:00,RTH Power Hour,5882,12823.25,Sell,-2080
189,2023-04-25 16:00:00-04:00,After-Session,28974,12927.25,Buy,775
190,2023-04-25 18:55:00-04:00,Asia Session,463,12966,Sell,-265
191,2023-04-25 20:40:00-04:00,Asia Session,479,12979.25,Buy,100
192,2023-04-25 21:20:00-04:00,Asia Session,387,12984.25,Sell,-160
193,2023-04-25 23:00:00-04:00,Overnight Session,322,12992.25,Buy,-145
194,2023-04-25 23:10:00-04:00,Overnight Session,348,12985,Sell,160
195,2023-04-26 01:00:00-04:00,Overnight Session,370,12977,Buy,-115
196,2023-04-26 02:15:00-04:00,Overnight Session,579,12971.25,Sell,230
197,2023-04-26 04:20:00-04:00,Overnight Session,534,12959.75,Buy,75
198,2023-04-26 05:35:00-04:00,Overnight Session,290,12963.5,Sell,-175
199,2023-04-26 05:40:00-04:00,Overnight Session,588,12972.25,Buy,-215
200,2023-04-26 05:50:00-04:00,Overnight Session,1013,12961.5,Sell,-185
201,2023-04-26 05:55:00-04:00,Overnight Session,512,12970.75,Buy,-215
202,2023-04-26 06:10:00-04:00,Overnight Session,582,12960,Sell,1085
203,2023-04-26 08:05:00-04:00,Pre-Market,965,12905.75,Buy,160
204,2023-04-26 09:30:00-04:00,RTH Session,22258,12913.75,Sell,-945
205,2023-04-26 09:55:00-04:00,RTH Session,10533,12961,Buy,-1095
206,2023-04-26 10:15:00-04:00,RTH Session,12019,12906.25,Sell,-685
207,2023-04-26 10:50:00-04:00,RTH Session,9699,12940.5,Buy,1030
208,2023-04-26 12:25:00-04:00,RTH Lunch,3295,12992,Sell,2025
209,2023-04-26 15:25:00-04:00,RTH Power Hour,4497,12890.75,Buy,1300
210,2023-04-26 18:25:00-04:00,Asia Session,113,12955.75,Sell,210
211,2023-04-26 21:40:00-04:00,Asia Session,180,12945.25,Buy,160
212,2023-04-26 23:10:00-04:00,Overnight Session,238,12953.25,Sell,-175
213,2023-04-27 00:15:00-04:00,Overnight Session,388,12962,Buy,40
214,2023-04-27 01:15:00-04:00,Overnight Session,117,12964,Sell,-220
215,2023-04-27 01:30:00-04:00,Overnight Session,560,12975,Buy,140
216,2023-04-27 02:30:00-04:00,Overnight Session,255,12982,Sell,-185
217,2023-04-27 03:00:00-04:00,Overnight Session,941,12991.25,Buy,-40
218,2023-04-27 03:05:00-04:00,Overnight Session,990,12989.25,Sell,-190
219,2023-04-27 03:10:00-04:00,Overnight Session,1158,12998.75,Buy,-95
220,2023-04-27 04:00:00-04:00,Overnight Session,869,12994,Sell,-130
221,2023-04-27 05:15:00-04:00,Overnight Session,469,13000.5,Buy,-230
222,2023-04-27 05:20:00-04:00,Overnight Session,439,12989,Sell,-150
223,2023-04-27 05:35:00-04:00,Overnight Session,373,12996.5,Buy,-80
224,2023-04-27 05:50:00-04:00,Overnight Session,287,12992.5,Sell,-90
225,2023-04-27 06:50:00-04:00,Overnight Session,935,12997,Buy,80
226,2023-04-27 08:35:00-04:00,Pre-Market,5756,13001,Sell,-505
227,2023-04-27 09:05:00-04:00,Pre-Market,2409,13026.25,Buy,-55
228,2023-04-27 09:55:00-04:00,RTH Session,13866,13023.5,Sell,-600
229,2023-04-27 10:05:00-04:00,RTH Session,9334,13053.5,Buy,1850
230,2023-04-27 12:00:00-04:00,RTH Lunch,7115,13146,Sell,-125
231,2023-04-27 12:05:00-04:00,RTH Lunch,4049,13152.25,Buy,115
232,2023-04-27 12:20:00-04:00,RTH Lunch,4103,13158,Sell,-780
233,2023-04-27 13:35:00-04:00,RTH Lunch,6659,13197,Buy,195
234,2023-04-27 14:10:00-04:00,RTH Lunch,2652,13206.75,Sell,-280
235,2023-04-27 14:15:00-04:00,RTH Lunch,4531,13220.75,Buy,-140
236,2023-04-27 14:20:00-04:00,RTH Lunch,3488,13213.75,Sell,-590
237,2023-04-27 15:05:00-04:00,RTH Power Hour,4610,13243.25,Buy,-185
238,2023-04-27 15:10:00-04:00,RTH Power Hour,5645,13234,Sell,-1625
239,2023-04-27 16:00:00-04:00,After-Session,24752,13315.25,Buy,-890
240,2023-04-27 16:30:00-04:00,After-Session,942,13270.75,Sell,1210
241,2023-04-27 19:20:00-04:00,Asia Session,191,13210.25,Buy,140
242,2023-04-27 22:55:00-04:00,Overnight Session,131,13217.25,Sell,140
243,2023-04-28 00:10:00-04:00,Overnight Session,340,13210.25,Buy,-175
244,2023-04-28 01:05:00-04:00,Overnight Session,392,13201.5,Sell,-120
245,2023-04-28 01:15:00-04:00,Overnight Session,222,13207.5,Buy,160
246,2023-04-28 02:10:00-04:00,Overnight Session,493,13215.5,Sell,225
247,2023-04-28 03:50:00-04:00,Overnight Session,841,13204.25,Buy,-240
248,2023-04-28 04:05:00-04:00,Overnight Session,774,13192.25,Sell,-180
249,2023-04-28 04:15:00-04:00,Overnight Session,938,13201.25,Buy,-315
250,2023-04-28 04:25:00-04:00,Overnight Session,806,13185.5,Sell,-70
251,2023-04-28 04:55:00-04:00,Overnight Session,464,13189,Buy,-65
252,2023-04-28 05:00:00-04:00,Overnight Session,446,13185.75,Sell,-220
253,2023-04-28 05:20:00-04:00,Overnight Session,985,13196.75,Buy,-215
254,2023-04-28 07:55:00-04:00,Overnight Session,1029,13186,Sell,-305
255,2023-04-28 08:35:00-04:00,Pre-Market,2820,13201.25,Buy,45
256,2023-04-28 09:35:00-04:00,RTH Session,11442,13203.5,Sell,-810
257,2023-04-28 10:05:00-04:00,RTH Session,18342,13244,Buy,-700
258,2023-04-28 10:55:00-04:00,RTH Session,17827,13209,Sell,-840
259,2023-04-28 11:45:00-04:00,RTH Lunch,6294,13251,Buy,-250
260,2023-04-28 12:35:00-04:00,RTH Lunch,3743,13238.5,Sell,-360
261,2023-04-28 12:40:00-04:00,RTH Lunch,3677,13256.5,Buy,325
262,2023-04-28 13:35:00-04:00,RTH Lunch,6078,13272.75,Sell,-375
263,2023-04-28 15:05:00-04:00,RTH Power Hour,2856,13291.5,Buy,-295
264,2023-04-28 15:30:00-04:00,RTH Power Hour,3928,13276.75,Sell,-515
265,2023-04-28 15:50:00-04:00,RTH Power Hour,5896,13302.5,Buy,465
266,2023-04-28 16:55:00-04:00,After-Session,339,13325.75,Sell,205
267,2023-04-30 20:40:00-04:00,Asia Session,679,13315.5,Buy,-130
268,2023-04-30 21:40:00-04:00,Asia Session,177,13309,Sell,-105
269,2023-04-30 22:15:00-04:00,Overnight Session,271,13314.25,Buy,385
270,2023-04-30 23:55:00-04:00,Overnight Session,96,13333.5,Sell,-160
271,2023-05-01 01:50:00-04:00,Overnight Session,816,13341.5,Buy,120
272,2023-05-01 03:25:00-04:00,Overnight Session,263,13347.5,Sell,620
273,2023-05-01 05:00:00-04:00,Overnight Session,253,13316.5,Buy,-80
274,2023-05-01 06:30:00-04:00,Overnight Session,237,13312.5,Sell,-75
275,2023-05-01 07:05:00-04:00,Overnight Session,337,13316.25,Buy,-250
276,2023-05-01 07:45:00-04:00,Overnight Session,611,13303.75,Sell,-60
277,2023-05-01 08:40:00-04:00,Pre-Market,979,13306.75,Buy,-190
278,2023-05-01 10:10:00-04:00,RTH Session,6472,13297.25,Sell,-270
279,2023-05-01 10:50:00-04:00,RTH Session,5910,13310.75,Buy,-640
280,2023-05-01 11:15:00-04:00,RTH Lunch,12396,13278.75,Sell,-350
281,2023-05-01 11:55:00-04:00,RTH Lunch,4155,13296.25,Buy,1085
282,2023-05-01 13:45:00-04:00,RTH Lunch,2747,13350.5,Sell,775
283,2023-05-01 15:50:00-04:00,RTH Power Hour,5726,13311.75,Buy,-350
284,2023-05-01 16:35:00-04:00,After-Session,671,13294.25,Sell,40
285,2023-05-01 18:30:00-04:00,Asia Session,563,13292.25,Buy,-375
286,2023-05-01 20:20:00-04:00,Asia Session,1591,13273.5,Sell,-295
287,2023-05-01 21:15:00-04:00,Asia Session,749,13288.25,Buy,-40
288,2023-05-01 22:10:00-04:00,Overnight Session,411,13286.25,Sell,-65
289,2023-05-01 22:20:00-04:00,Overnight Session,183,13289.5,Buy,125
290,2023-05-02 00:20:00-04:00,Overnight Session,334,13295.75,Sell,-170
291,2023-05-02 00:35:00-04:00,Overnight Session,207,13304.25,Buy,-60
292,2023-05-02 00:40:00-04:00,Overnight Session,165,13301.25,Sell,-15
293,2023-05-02 00:45:00-04:00,Overnight Session,94,13302,Buy,-10
294,2023-05-02 00:50:00-04:00,Overnight Session,127,13301.5,Sell,-100
295,2023-05-02 01:05:00-04:00,Overnight Session,278,13306.5,Buy,-85
296,2023-05-02 01:10:00-04:00,Overnight Session,165,13302.25,Sell,-60
297,2023-05-02 01:15:00-04:00,Overnight Session,204,13305.25,Buy,20
298,2023-05-02 01:55:00-04:00,Overnight Session,318,13306.25,Sell,-150
299,2023-05-02 02:35:00-04:00,Overnight Session,215,13313.75,Buy,-35
300,2023-05-02 03:15:00-04:00,Overnight Session,755,13312,Sell,-70
301,2023-05-02 05:35:00-04:00,Overnight Session,506,13315.5,Buy,-245
302,2023-05-02 06:05:00-04:00,Overnight Session,422,13303.25,Sell,-185
303,2023-05-02 06:45:00-04:00,Overnight Session,453,13312.5,Buy,-215
304,2023-05-02 07:30:00-04:00,Overnight Session,511,13301.75,Sell,95
305,2023-05-02 08:45:00-04:00,Pre-Market,663,13297,Buy,-300
306,2023-05-02 09:40:00-04:00,RTH Session,13580,13282,Sell,2745
307,2023-05-02 11:35:00-04:00,RTH Lunch,10539,13144.75,Buy,555
308,2023-05-02 14:20:00-04:00,RTH Lunch,3932,13172.5,Sell,-580
309,2023-05-02 14:50:00-04:00,RTH Lunch,4026,13201.5,Buy,-340
310,2023-05-02 15:30:00-04:00,RTH Power Hour,5267,13184.5,Sell,390
311,2023-05-02 18:45:00-04:00,Asia Session,74,13165,Buy,425
312,2023-05-02 21:10:00-04:00,Asia Session,265,13186.25,Sell,-45
313,2023-05-02 22:15:00-04:00,Overnight Session,183,13188.5,Buy,-165
314,2023-05-02 23:20:00-04:00,Overnight Session,376,13180.25,Sell,-175
315,2023-05-02 23:55:00-04:00,Overnight Session,56,13189,Buy,-120
316,2023-05-03 00:20:00-04:00,Overnight Session,181,13183,Sell,-220
317,2023-05-03 01:00:00-04:00,Overnight Session,680,13194,Buy,-240
318,2023-05-03 01:20:00-04:00,Overnight Session,410,13182,Sell,-115
319,2023-05-03 01:55:00-04:00,Overnight Session,127,13187.75,Buy,-75
320,2023-05-03 02:05:00-04:00,Overnight Session,332,13184,Sell,-80
321,2023-05-03 02:10:00-04:00,Overnight Session,242,13188,Buy,-90
322,2023-05-03 02:40:00-04:00,Overnight Session,215,13183.5,Sell,-180
323,2023-05-03 02:50:00-04:00,Overnight Session,330,13192.5,Buy,-90
324,2023-05-03 03:50:00-04:00,Overnight Session,414,13188,Sell,-370
325,2023-05-03 04:35:00-04:00,Overnight Session,829,13206.5,Buy,-80
326,2023-05-03 05:40:00-04:00,Overnight Session,928,13202.5,Sell,-225
327,2023-05-03 06:00:00-04:00,Overnight Session,802,13213.75,Buy,-145
328,2023-05-03 06:05:00-04:00,Overnight Session,745,13206.5,Sell,-140
329,2023-05-03 06:10:00-04:00,Overnight Session,476,13213.5,Buy,-150
330,2023-05-03 06:25:00-04:00,Overnight Session,648,13206,Sell,-230
331,2023-05-03 07:15:00-04:00,Overnight Session,537,13217.5,Buy,-55
332,2023-05-03 08:20:00-04:00,Pre-Market,1028,13214.75,Sell,-55
333,2023-05-03 09:40:00-04:00,RTH Session,5550,13217.5,Buy,-445
334,2023-05-03 10:25:00-04:00,RTH Session,6017,13195.25,Sell,-385
335,2023-05-03 11:55:00-04:00,RTH Lunch,4726,13214.5,Buy,145
336,2023-05-03 13:55:00-04:00,RTH Lunch,3374,13221.75,Sell,-645
337,2023-05-03 14:15:00-04:00,RTH Lunch,7361,13254,Buy,-495
338,2023-05-03 14:45:00-04:00,RTH Lunch,12215,13229.25,Sell,2170
339,2023-05-03 16:25:00-04:00,After-Session,451,13120.75,Buy,-1325
340,2023-05-03 18:00:00-04:00,Asia Session,0,13054.5,Sell,-285
341,2023-05-03 18:30:00-04:00,Asia Session,399,13068.75,Buy,1590
342,2023-05-03 23:25:00-04:00,Overnight Session,180,13148.25,Sell,-360
343,2023-05-04 00:35:00-04:00,Overnight Session,1002,13166.25,Buy,-80
344,2023-05-04 01:25:00-04:00,Overnight Session,193,13162.25,Sell,115
345,2023-05-04 03:35:00-04:00,Overnight Session,4520,13156.5,Buy,-495
346,2023-05-04 05:05:00-04:00,Overnight Session,418,13131.75,Sell,80
347,2023-05-04 06:20:00-04:00,Overnight Session,984,13127.75,Buy,-465
348,2023-05-04 06:45:00-04:00,Overnight Session,896,13104.5,Sell,20
349,2023-05-04 07:35:00-04:00,Overnight Session,668,13103.5,Buy,-340
350,2023-05-04 08:00:00-04:00,Pre-Market,1976,13086.5,Sell,-80
351,2023-05-04 08:35:00-04:00,Pre-Market,1896,13090.5,Buy,-380
352,2023-05-04 09:30:00-04:00,RTH Session,19925,13071.5,Sell,305
353,2023-05-04 10:50:00-04:00,RTH Session,7172,13056.25,Buy,-125
354,2023-05-04 11:55:00-04:00,RTH Lunch,4125,13050,Sell,-400
355,2023-05-04 12:20:00-04:00,RTH Lunch,4214,13070,Buy,550
356,2023-05-04 14:00:00-04:00,RTH Lunch,4188,13097.5,Sell,375
357,2023-05-04 15:35:00-04:00,RTH Power Hour,6046,13078.75,Buy,-595
358,2023-05-04 15:50:00-04:00,RTH Power Hour,7466,13049,Sell,-455
359,2023-05-04 16:30:00-04:00,After-Session,6878,13071.75,Buy,390
360,2023-05-04 20:05:00-04:00,Asia Session,191,13091.25,Sell,-375
361,2023-05-04 20:45:00-04:00,Asia Session,1135,13110,Buy,-85
362,2023-05-04 21:25:00-04:00,Asia Session,143,13105.75,Sell,-20
363,2023-05-04 23:35:00-04:00,Overnight Session,93,13106.75,Buy,20
364,2023-05-05 00:25:00-04:00,Overnight Session,59,13107.75,Sell,140
365,2023-05-05 02:40:00-04:00,Overnight Session,204,13100.75,Buy,-430
366,2023-05-05 03:05:00-04:00,Overnight Session,1314,13079.25,Sell,-455
367,2023-05-05 03:25:00-04:00,Overnight Session,642,13102,Buy,-285
368,2023-05-05 03:30:00-04:00,Overnight Session,395,13087.75,Sell,-225
369,2023-05-05 03:45:00-04:00,Overnight Session,383,13099,Buy,-225
370,2023-05-05 04:20:00-04:00,Overnight Session,478,13087.75,Sell,-225
371,2023-05-05 04:30:00-04:00,Overnight Session,450,13099,Buy,415
372,2023-05-05 06:50:00-04:00,Overnight Session,533,13119.75,Sell,-380
373,2023-05-05 07:25:00-04:00,Overnight Session,1004,13138.75,Buy,-220
374,2023-05-05 07:40:00-04:00,Overnight Session,740,13127.75,Sell,-105
375,2023-05-05 09:15:00-04:00,Pre-Market,1830,13133,Buy,2640
376,2023-05-05 11:10:00-04:00,RTH Lunch,4824,13265,Sell,-290
377,2023-05-05 13:10:00-04:00,RTH Lunch,3878,13279.5,Buy,380
378,2023-05-05 14:15:00-04:00,RTH Lunch,4050,13298.5,Sell,-425
379,2023-05-05 14:25:00-04:00,RTH Lunch,7539,13319.75,Buy,290
380,2023-05-05 15:15:00-04:00,RTH Power Hour,3864,13334.25,Sell,155
381,2023-05-07 18:10:00-04:00,Asia Session,552,13326.5,Buy,-135
382,2023-05-07 18:45:00-04:00,Asia Session,118,13319.75,Sell,-150
383,2023-05-07 19:05:00-04:00,Asia Session,363,13327.25,Buy,-175
384,2023-05-07 19:30:00-04:00,Asia Session,167,13318.5,Sell,210
385,2023-05-07 20:45:00-04:00,Asia Session,118,13308,Buy,-155
386,2023-05-07 21:05:00-04:00,Asia Session,289,13300.25,Sell,-70
387,2023-05-07 21:10:00-04:00,Asia Session,196,13303.75,Buy,345
388,2023-05-07 23:25:00-04:00,Overnight Session,165,13321,Sell,100
389,2023-05-08 01:10:00-04:00,Overnight Session,170,13316,Buy,-90
390,2023-05-08 01:50:00-04:00,Overnight Session,216,13311.5,Sell,-150
391,2023-05-08 02:00:00-04:00,Overnight Session,532,13319,Buy,-155
392,2023-05-08 02:10:00-04:00,Overnight Session,325,13311.25,Sell,-160
393,2023-05-08 02:35:00-04:00,Overnight Session,228,13319.25,Buy,-125
394,2023-05-08 03:00:00-04:00,Overnight Session,624,13313,Sell,-240
395,2023-05-08 03:05:00-04:00,Overnight Session,682,13325,Buy,-115
396,2023-05-08 03:40:00-04:00,Overnight Session,288,13319.25,Sell,315
397,2023-05-08 05:30:00-04:00,Overnight Session,203,13303.5,Buy,65
398,2023-05-08 06:45:00-04:00,Overnight Session,383,13306.75,Sell,-220
399,2023-05-08 07:00:00-04:00,Overnight Session,665,13317.75,Buy,-140
400,2023-05-08 07:50:00-04:00,Overnight Session,653,13310.75,Sell,580
401,2023-05-08 10:20:00-04:00,RTH Session,6569,13281.75,Buy,-435
402,2023-05-08 10:30:00-04:00,RTH Session,8492,13260,Sell,-380
403,2023-05-08 10:40:00-04:00,RTH Session,7226,13279,Buy,1090
404,2023-05-08 14:00:00-04:00,RTH Lunch,4434,13333.5,Sell,-400
405,2023-05-08 14:40:00-04:00,RTH Lunch,3971,13353.5,Buy,-15
406,2023-05-08 15:15:00-04:00,RTH Power Hour,6064,13352.75,Sell,305
407,2023-05-08 19:00:00-04:00,Asia Session,109,13337.5,Buy,-100
408,2023-05-08 19:35:00-04:00,Asia Session,43,13332.5,Sell,-20
409,2023-05-08 19:40:00-04:00,Asia Session,67,13333.5,Buy,-90
410,2023-05-08 20:45:00-04:00,Asia Session,136,13329,Sell,-45
411,2023-05-08 21:05:00-04:00,Asia Session,220,13331.25,Buy,135
412,2023-05-08 23:20:00-04:00,Overnight Session,106,13338,Sell,-55
413,2023-05-08 23:30:00-04:00,Overnight Session,131,13340.75,Buy,-50
414,2023-05-08 23:45:00-04:00,Overnight Session,163,13338.25,Sell,-95
415,2023-05-09 00:05:00-04:00,Overnight Session,121,13343,Buy,-40
416,2023-05-09 00:45:00-04:00,Overnight Session,113,13341,Sell,-65
417,2023-05-09 01:25:00-04:00,Overnight Session,97,13344.25,Buy,-65
418,2023-05-09 01:30:00-04:00,Overnight Session,164,13341,Sell,865
419,2023-05-09 05:10:00-04:00,Overnight Session,248,13297.75,Buy,-120
420,2023-05-09 05:20:00-04:00,Overnight Session,497,13291.75,Sell,-50
421,2023-05-09 05:25:00-04:00,Overnight Session,345,13294.25,Buy,-140
422,2023-05-09 07:25:00-04:00,Overnight Session,1135,13287.25,Sell,-110
423,2023-05-09 08:10:00-04:00,Pre-Market,1010,13292.75,Buy,-280
424,2023-05-09 08:45:00-04:00,Pre-Market,1289,13278.75,Sell,-85
425,2023-05-09 09:30:00-04:00,RTH Session,21183,13283,Buy,-20
426,2023-05-09 10:25:00-04:00,RTH Session,8454,13282,Sell,-305
427,2023-05-09 10:35:00-04:00,RTH Session,9346,13297.25,Buy,-315
428,2023-05-09 11:05:00-04:00,RTH Lunch,5812,13281.5,Sell,230
429,2023-05-09 12:40:00-04:00,RTH Lunch,2734,13270,Buy,90
430,2023-05-09 13:45:00-04:00,RTH Lunch,3211,13274.5,Sell,-205
431,2023-05-09 13:50:00-04:00,RTH Lunch,4151,13284.75,Buy,-95
432,2023-05-09 14:30:00-04:00,RTH Lunch,3545,13280,Sell,205
433,2023-05-09 16:05:00-04:00,After-Session,1804,13269.75,Buy,-285
434,2023-05-09 18:00:00-04:00,Asia Session,0,13255.5,Sell,-180
435,2023-05-09 18:20:00-04:00,Asia Session,329,13264.5,Buy,195
436,2023-05-09 20:45:00-04:00,Asia Session,214,13274.25,Sell,-150
437,2023-05-09 21:05:00-04:00,Asia Session,218,13281.75,Buy,-80
438,2023-05-09 21:15:00-04:00,Asia Session,213,13277.75,Sell,80
439,2023-05-09 23:05:00-04:00,Overnight Session,161,13273.75,Buy,-40
440,2023-05-09 23:50:00-04:00,Overnight Session,129,13271.75,Sell,-20
441,2023-05-10 00:35:00-04:00,Overnight Session,60,13272.75,Buy,-85
442,2023-05-10 01:25:00-04:00,Overnight Session,110,13268.5,Sell,-110
443,2023-05-10 02:00:00-04:00,Overnight Session,534,13274,Buy,-10
444,2023-05-10 03:20:00-04:00,Overnight Session,516,13273.5,Sell,790
445,2023-05-10 04:40:00-04:00,Overnight Session,380,13234,Buy,500
446,2023-05-10 08:20:00-04:00,Pre-Market,1577,13259,Sell,-1120
447,2023-05-10 08:30:00-04:00,Pre-Market,12943,13315,Buy,820
448,2023-05-10 09:40:00-04:00,RTH Session,23712,13356,Sell,-1280
449,2023-05-10 10:10:00-04:00,RTH Session,14685,13420,Buy,-770
450,2023-05-10 10:15:00-04:00,RTH Session,24055,13381.5,Sell,-5
451,2023-05-10 11:35:00-04:00,RTH Lunch,5894,13381.75,Buy,-600
452,2023-05-10 12:00:00-04:00,RTH Lunch,9041,13351.75,Sell,480
453,2023-05-10 14:00:00-04:00,RTH Lunch,6177,13327.75,Buy,1660
454,2023-05-10 15:55:00-04:00,RTH Power Hour,16974,13410.75,Sell,-145
455,2023-05-10 19:45:00-04:00,Asia Session,303,13418,Buy,270
456,2023-05-10 21:05:00-04:00,Asia Session,319,13431.5,Sell,-90
457,2023-05-10 21:10:00-04:00,Asia Session,343,13436,Buy,-20
458,2023-05-10 21:30:00-04:00,Asia Session,428,13435,Sell,-45
459,2023-05-10 23:15:00-04:00,Overnight Session,165,13437.25,Buy,-70
460,2023-05-10 23:30:00-04:00,Overnight Session,179,13433.75,Sell,-70
461,2023-05-11 00:30:00-04:00,Overnight Session,156,13437.25,Buy,-50
462,2023-05-11 00:50:00-04:00,Overnight Session,112,13434.75,Sell,-70
463,2023-05-11 01:35:00-04:00,Overnight Session,244,13438.25,Buy,-90
464,2023-05-11 02:05:00-04:00,Overnight Session,294,13433.75,Sell,-100
465,2023-05-11 02:25:00-04:00,Overnight Session,377,13438.75,Buy,-280
466,2023-05-11 02:30:00-04:00,Overnight Session,730,13424.75,Sell,-320
467,2023-05-11 03:05:00-04:00,Overnight Session,549,13440.75,Buy,120
468,2023-05-11 04:45:00-04:00,Overnight Session,330,13446.75,Sell,-260
469,2023-05-11 05:40:00-04:00,Overnight Session,974,13459.75,Buy,-165
470,2023-05-11 06:05:00-04:00,Overnight Session,361,13451.5,Sell,380
471,2023-05-11 08:05:00-04:00,Pre-Market,1378,13432.5,Buy,-425
472,2023-05-11 09:05:00-04:00,Pre-Market,3096,13411.25,Sell,145
473,2023-05-11 10:20:00-04:00,RTH Session,8840,13404,Buy,-540
474,2023-05-11 10:30:00-04:00,RTH Session,11830,13377,Sell,-560
475,2023-05-11 10:45:00-04:00,RTH Session,14216,13405,Buy,845
476,2023-05-11 13:05:00-04:00,RTH Lunch,3316,13447.25,Sell,145
477,2023-05-11 14:30:00-04:00,RTH Lunch,3098,13440,Buy,155
478,2023-05-11 15:30:00-04:00,RTH Power Hour,3428,13447.75,Sell,0
479,2023-05-11 16:50:00-04:00,After-Session,390,13447.75,Buy,240
480,2023-05-11 19:10:00-04:00,Asia Session,87,13459.75,Sell,-285
481,2023-05-11 20:10:00-04:00,Asia Session,1300,13474,Buy,280
482,2023-05-11 22:00:00-04:00,Overnight Session,503,13488,Sell,120
483,2023-05-12 00:00:00-04:00,Overnight Session,165,13482,Buy,80
484,2023-05-12 01:10:00-04:00,Overnight Session,160,13486,Sell,210
485,2023-05-12 03:30:00-04:00,Overnight Session,848,13475.5,Buy,-300
486,2023-05-12 04:00:00-04:00,Overnight Session,792,13460.5,Sell,-260
487,2023-05-12 04:10:00-04:00,Overnight Session,540,13473.5,Buy,165
488,2023-05-12 05:50:00-04:00,Overnight Session,194,13481.75,Sell,105
489,2023-05-12 07:10:00-04:00,Overnight Session,371,13476.5,Buy,-70
490,2023-05-12 07:15:00-04:00,Overnight Session,343,13473,Sell,15
491,2023-05-12 08:40:00-04:00,Pre-Market,1116,13472.25,Buy,-565
492,2023-05-12 09:45:00-04:00,RTH Session,11339,13444,Sell,610
493,2023-05-12 11:05:00-04:00,RTH Lunch,7366,13413.5,Buy,-530
494,2023-05-12 11:15:00-04:00,RTH Lunch,8634,13387,Sell,-55
495,2023-05-12 11:50:00-04:00,RTH Lunch,4497,13389.75,Buy,-700
496,2023-05-12 12:20:00-04:00,RTH Lunch,8626,13354.75,Sell,380
497,2023-05-12 13:15:00-04:00,RTH Lunch,3890,13335.75,Buy,-410
498,2023-05-12 14:10:00-04:00,RTH Lunch,6438,13315.25,Sell,-180
499,2023-05-12 14:25:00-04:00,RTH Lunch,5895,13324.25,Buy,1040
500,2023-05-12 16:30:00-04:00,After-Session,362,13376.25,Sell,135
501,2023-05-14 19:30:00-04:00,Asia Session,431,13369.5,Buy,-105
502,2023-05-14 20:20:00-04:00,Asia Session,266,13364.25,Sell,-40
503,2023-05-14 20:25:00-04:00,Asia Session,143,13366.25,Buy,-75
504,2023-05-14 20:30:00-04:00,Asia Session,311,13362.5,Sell,-65
505,2023-05-14 20:35:00-04:00,Asia Session,196,13365.75,Buy,-70
506,2023-05-14 20:40:00-04:00,Asia Session,186,13362.25,Sell,-105
507,2023-05-14 21:10:00-04:00,Asia Session,399,13367.5,Buy,285
508,2023-05-14 22:25:00-04:00,Overnight Session,132,13381.75,Sell,-205
509,2023-05-14 23:10:00-04:00,Overnight Session,289,13392,Buy,-75
510,2023-05-14 23:40:00-04:00,Overnight Session,150,13388.25,Sell,-190
511,2023-05-15 00:30:00-04:00,Overnight Session,370,13397.75,Buy,-60
512,2023-05-15 00:45:00-04:00,Overnight Session,71,13394.75,Sell,-120
513,2023-05-15 01:05:00-04:00,Overnight Session,463,13400.75,Buy,445
514,2023-05-15 02:50:00-04:00,Overnight Session,180,13423,Sell,-210
515,2023-05-15 02:55:00-04:00,Overnight Session,1024,13433.5,Buy,-115
516,2023-05-15 03:35:00-04:00,Overnight Session,642,13427.75,Sell,-310
517,2023-05-15 05:30:00-04:00,Overnight Session,40,13443.25,Buy,-215
518,2023-05-15 05:40:00-04:00,Overnight Session,2018,13432.5,Sell,-80
519,2023-05-15 06:40:00-04:00,Overnight Session,466,13436.5,Buy,-235
520,2023-05-15 07:05:00-04:00,Overnight Session,597,13424.75,Sell,-175
521,2023-05-15 07:20:00-04:00,Overnight Session,525,13433.5,Buy,-90
522,2023-05-15 07:45:00-04:00,Overnight Session,426,13429,Sell,-145
523,2023-05-15 08:05:00-04:00,Pre-Market,690,13436.25,Buy,-230
524,2023-05-15 08:20:00-04:00,Pre-Market,1104,13424.75,Sell,-60
525,2023-05-15 09:15:00-04:00,Pre-Market,1231,13427.75,Buy,-225
526,2023-05-15 09:25:00-04:00,Pre-Market,2709,13416.5,Sell,480
527,2023-05-15 10:35:00-04:00,RTH Session,7919,13392.5,Buy,720
528,2023-05-15 12:30:00-04:00,RTH Lunch,3023,13428.5,Sell,-490
529,2023-05-15 12:55:00-04:00,RTH Lunch,4433,13453,Buy,-230
530,2023-05-15 13:30:00-04:00,RTH Lunch,5990,13441.5,Sell,-300
531,2023-05-15 14:15:00-04:00,RTH Lunch,5483,13456.5,Buy,-65
532,2023-05-15 14:20:00-04:00,RTH Lunch,1781,13453.25,Sell,-140
533,2023-05-15 15:25:00-04:00,RTH Power Hour,1927,13460.25,Buy,125
534,2023-05-15 16:30:00-04:00,After-Session,243,13466.5,Sell,130
535,2023-05-15 20:25:00-04:00,Asia Session,305,13460,Buy,-110
536,2023-05-15 21:20:00-04:00,Asia Session,657,13454.5,Sell,-160
537,2023-05-15 21:55:00-04:00,Asia Session,195,13462.5,Buy,-135
538,2023-05-15 22:00:00-04:00,Overnight Session,309,13455.75,Sell,-100
539,2023-05-15 22:25:00-04:00,Overnight Session,193,13460.75,Buy,-50
540,2023-05-15 23:35:00-04:00,Overnight Session,89,13458.25,Sell,-60
541,2023-05-15 23:45:00-04:00,Overnight Session,69,13461.25,Buy,-35
542,2023-05-15 23:50:00-04:00,Overnight Session,116,13459.5,Sell,195
543,2023-05-16 02:30:00-04:00,Overnight Session,281,13449.75,Buy,555
544,2023-05-16 04:30:00-04:00,Overnight Session,273,13477.5,Sell,160
545,2023-05-16 06:35:00-04:00,Overnight Session,207,13469.5,Buy,-190
546,2023-05-16 07:15:00-04:00,Overnight Session,697,13460,Sell,-110
547,2023-05-16 08:00:00-04:00,Pre-Market,891,13465.5,Buy,-115
548,2023-05-16 08:05:00-04:00,Pre-Market,849,13459.75,Sell,-40
549,2023-05-16 08:25:00-04:00,Pre-Market,363,13461.75,Buy,-175
550,2023-05-16 08:30:00-04:00,Pre-Market,4139,13453,Sell,-290
551,2023-05-16 09:30:00-04:00,RTH Session,18335,13467.5,Buy,820
552,2023-05-16 11:35:00-04:00,RTH Lunch,6371,13508.5,Sell,-670
553,2023-05-16 11:50:00-04:00,RTH Lunch,6600,13542,Buy,-95
554,2023-05-16 12:15:00-04:00,RTH Lunch,2599,13537.25,Sell,-75
555,2023-05-16 14:50:00-04:00,RTH Lunch,3677,13541,Buy,-370
556,2023-05-16 15:40:00-04:00,RTH Power Hour,3827,13522.5,Sell,325
557,2023-05-16 16:35:00-04:00,After-Session,546,13506.25,Buy,-340
558,2023-05-16 18:35:00-04:00,Asia Session,340,13489.25,Sell,-135
559,2023-05-16 18:55:00-04:00,Asia Session,174,13496,Buy,415
560,2023-05-16 22:25:00-04:00,Overnight Session,130,13516.75,Sell,-125
561,2023-05-16 22:55:00-04:00,Overnight Session,340,13523,Buy,-85
562,2023-05-16 23:05:00-04:00,Overnight Session,77,13518.75,Sell,-10
563,2023-05-17 01:05:00-04:00,Overnight Session,209,13519.25,Buy,-85
564,2023-05-17 01:10:00-04:00,Overnight Session,197,13515,Sell,175
565,2023-05-17 02:45:00-04:00,Overnight Session,263,13506.25,Buy,-220
566,2023-05-17 02:55:00-04:00,Overnight Session,738,13495.25,Sell,-20
567,2023-05-17 04:05:00-04:00,Overnight Session,1102,13496.25,Buy,50
568,2023-05-17 05:15:00-04:00,Overnight Session,361,13498.75,Sell,-165
569,2023-05-17 05:50:00-04:00,Overnight Session,540,13507,Buy,-150
570,2023-05-17 06:20:00-04:00,Overnight Session,585,13499.5,Sell,-205
571,2023-05-17 07:00:00-04:00,Overnight Session,714,13509.75,Buy,-15
572,2023-05-17 08:05:00-04:00,Pre-Market,566,13509,Sell,-110
573,2023-05-17 08:50:00-04:00,Pre-Market,1455,13514.5,Buy,-180
574,2023-05-17 09:45:00-04:00,RTH Session,9713,13505.5,Sell,-185
575,2023-05-17 10:25:00-04:00,RTH Session,7289,13514.75,Buy,510
576,2023-05-17 12:15:00-04:00,RTH Lunch,3374,13540.25,Sell,-430
577,2023-05-17 12:30:00-04:00,RTH Lunch,8995,13561.75,Buy,1770
578,2023-05-17 14:05:00-04:00,RTH Lunch,6312,13650.25,Sell,190
579,2023-05-17 19:35:00-04:00,Asia Session,141,13640.75,Buy,-85
580,2023-05-17 20:35:00-04:00,Asia Session,463,13636.5,Sell,-40
581,2023-05-17 21:20:00-04:00,Asia Session,189,13638.5,Buy,-65
582,2023-05-17 21:30:00-04:00,Asia Session,482,13635.25,Sell,0
583,2023-05-17 21:55:00-04:00,Asia Session,231,13635.25,Buy,195
584,2023-05-17 23:45:00-04:00,Overnight Session,97,13645,Sell,-30
585,2023-05-18 01:15:00-04:00,Overnight Session,273,13646.5,Buy,-90
586,2023-05-18 01:20:00-04:00,Overnight Session,342,13642,Sell,-25
587,2023-05-18 03:05:00-04:00,Overnight Session,643,13643.25,Buy,475
588,2023-05-18 04:45:00-04:00,Overnight Session,339,13667,Sell,-150
589,2023-05-18 06:30:00-04:00,Overnight Session,457,13674.5,Buy,-80
590,2023-05-18 06:55:00-04:00,Overnight Session,565,13670.5,Sell,-115
591,2023-05-18 07:00:00-04:00,Overnight Session,1196,13676.25,Buy,10
592,2023-05-18 07:40:00-04:00,Overnight Session,577,13676.75,Sell,30
593,2023-05-18 09:30:00-04:00,RTH Session,16832,13675.25,Buy,3080
594,2023-05-18 11:40:00-04:00,RTH Lunch,5754,13829.25,Sell,-355
595,2023-05-18 11:45:00-04:00,RTH Lunch,9812,13847,Buy,-460
596,2023-05-18 11:55:00-04:00,RTH Lunch,14571,13824,Sell,-75
597,2023-05-18 13:20:00-04:00,RTH Lunch,4339,13827.75,Buy,-580
598,2023-05-18 13:25:00-04:00,RTH Lunch,13469,13798.75,Sell,-90
599,2023-05-18 14:35:00-04:00,RTH Lunch,4677,13803.25,Buy,2185
600,2023-05-18 16:55:00-04:00,After-Session,701,13912.5,Sell,-485
601,2023-05-18 18:05:00-04:00,Asia Session,2668,13936.75,Buy,-10
602,2023-05-18 18:30:00-04:00,Asia Session,328,13936.25,Sell,80
603,2023-05-18 22:15:00-04:00,Overnight Session,316,13932.25,Buy,55
604,2023-05-18 23:30:00-04:00,Overnight Session,599,13935,Sell,265
605,2023-05-19 01:40:00-04:00,Overnight Session,154,13921.75,Buy,-60
606,2023-05-19 01:45:00-04:00,Overnight Session,331,13918.75,Sell,-55
607,2023-05-19 02:20:00-04:00,Overnight Session,502,13921.5,Buy,-320
608,2023-05-19 02:50:00-04:00,Overnight Session,622,13905.5,Sell,20
609,2023-05-19 03:40:00-04:00,Overnight Session,599,13904.5,Buy,210
610,2023-05-19 05:25:00-04:00,Overnight Session,325,13915,Sell,185
611,2023-05-19 07:15:00-04:00,Overnight Session,589,13905.75,Buy,-180
612,2023-05-19 07:50:00-04:00,Overnight Session,968,13896.75,Sell,-125
613,2023-05-19 08:00:00-04:00,Pre-Market,1078,13903,Buy,-150
614,2023-05-19 08:05:00-04:00,Pre-Market,1001,13895.5,Sell,-175
615,2023-05-19 08:30:00-04:00,Pre-Market,1718,13904.25,Buy,-335
616,2023-05-19 09:45:00-04:00,RTH Session,10569,13887.5,Sell,-410
617,2023-05-19 10:20:00-04:00,RTH Session,7831,13908,Buy,-730
618,2023-05-19 10:45:00-04:00,RTH Session,7995,13871.5,Sell,125
619,2023-05-19 12:15:00-04:00,RTH Lunch,8251,13865.25,Buy,-830
620,2023-05-19 12:30:00-04:00,RTH Lunch,8243,13823.75,Sell,-540
621,2023-05-19 12:45:00-04:00,RTH Lunch,5200,13850.75,Buy,-225
622,2023-05-19 13:55:00-04:00,RTH Lunch,3159,13839.5,Sell,-200
623,2023-05-19 14:55:00-04:00,RTH Lunch,3496,13849.5,Buy,-190
624,2023-05-19 16:15:00-04:00,After-Session,1146,13840,Sell,5
625,2023-05-21 18:30:00-04:00,Asia Session,472,13839.75,Buy,340
626,2023-05-21 20:45:00-04:00,Asia Session,264,13856.75,Sell,-110
627,2023-05-21 22:45:00-04:00,Overnight Session,163,13862.25,Buy,195
628,2023-05-22 00:35:00-04:00,Overnight Session,462,13872,Sell,25
629,2023-05-22 02:30:00-04:00,Overnight Session,421,13870.75,Buy,-125
630,2023-05-22 02:35:00-04:00,Overnight Session,210,13864.5,Sell,-190
631,2023-05-22 03:05:00-04:00,Overnight Session,1019,13874,Buy,-280
632,2023-05-22 03:15:00-04:00,Overnight Session,598,13860,Sell,-100
633,2023-05-22 03:20:00-04:00,Overnight Session,324,13865,Buy,-95
634,2023-05-22 03:30:00-04:00,Overnight Session,460,13860.25,Sell,-160
635,2023-05-22 03:40:00-04:00,Overnight Session,458,13868.25,Buy,-110
636,2023-05-22 04:15:00-04:00,Overnight Session,397,13862.75,Sell,-165
637,2023-05-22 04:25:00-04:00,Overnight Session,640,13871,Buy,-175
638,2023-05-22 04:35:00-04:00,Overnight Session,543,13862.25,Sell,-80
639,2023-05-22 04:40:00-04:00,Overnight Session,334,13866.25,Buy,-70
640,2023-05-22 04:45:00-04:00,Overnight Session,406,13862.75,Sell,425
641,2023-05-22 06:55:00-04:00,Overnight Session,594,13841.5,Buy,-235
642,2023-05-22 07:10:00-04:00,Overnight Session,1383,13829.75,Sell,-125
643,2023-05-22 07:25:00-04:00,Overnight Session,323,13836,Buy,305
644,2023-05-22 08:50:00-04:00,Pre-Market,1259,13851.25,Sell,-730
645,2023-05-22 09:30:00-04:00,RTH Session,26123,13887.75,Buy,495
646,2023-05-22 10:35:00-04:00,RTH Session,3577,13912.5,Sell,255
647,2023-05-22 13:05:00-04:00,RTH Lunch,3048,13899.75,Buy,-320
648,2023-05-22 13:10:00-04:00,RTH Lunch,7905,13883.75,Sell,-380
649,2023-05-22 13:20:00-04:00,RTH Lunch,4940,13902.75,Buy,385
650,2023-05-22 15:15:00-04:00,RTH Power Hour,3114,13922,Sell,125
651,2023-05-22 16:10:00-04:00,After-Session,1789,13915.75,Buy,45
652,2023-05-22 18:55:00-04:00,Asia Session,108,13918,Sell,-315
653,2023-05-22 19:00:00-04:00,Asia Session,1311,13933.75,Buy,260
654,2023-05-22 20:25:00-04:00,Asia Session,168,13946.75,Sell,-420
655,2023-05-22 21:45:00-04:00,Asia Session,2998,13967.75,Buy,-385
656,2023-05-22 22:15:00-04:00,Overnight Session,493,13948.5,Sell,340
657,2023-05-23 01:10:00-04:00,Overnight Session,98,13931.5,Buy,-115
658,2023-05-23 01:40:00-04:00,Overnight Session,327,13925.75,Sell,-105
659,2023-05-23 01:45:00-04:00,Overnight Session,182,13931,Buy,-215
660,2023-05-23 02:10:00-04:00,Overnight Session,546,13920.25,Sell,-150
661,2023-05-23 02:30:00-04:00,Overnight Session,347,13927.75,Buy,-140
662,2023-05-23 02:35:00-04:00,Overnight Session,450,13920.75,Sell,-165
663,2023-05-23 02:40:00-04:00,Overnight Session,479,13929,Buy,-255
664,2023-05-23 02:55:00-04:00,Overnight Session,515,13916.25,Sell,185
665,2023-05-23 03:55:00-04:00,Overnight Session,482,13907,Buy,-220
666,2023-05-23 05:20:00-04:00,Overnight Session,1032,13896,Sell,10
667,2023-05-23 06:10:00-04:00,Overnight Session,472,13895.5,Buy,-220
668,2023-05-23 07:10:00-04:00,Overnight Session,945,13884.5,Sell,-140
669,2023-05-23 07:25:00-04:00,Overnight Session,430,13891.5,Buy,-130
670,2023-05-23 07:30:00-04:00,Overnight Session,780,13885,Sell,375
671,2023-05-23 08:35:00-04:00,Pre-Market,1286,13866.25,Buy,-405
672,2023-05-23 08:45:00-04:00,Pre-Market,1747,13846,Sell,-155
673,2023-05-23 09:30:00-04:00,RTH Session,21756,13853.75,Buy,-205
674,2023-05-23 10:50:00-04:00,RTH Session,7508,13843.5,Sell,-325
675,2023-05-23 11:05:00-04:00,RTH Lunch,4024,13859.75,Buy,-210
676,2023-05-23 11:15:00-04:00,RTH Lunch,3695,13849.25,Sell,-330
677,2023-05-23 11:20:00-04:00,RTH Lunch,4509,13865.75,Buy,-240
678,2023-05-23 12:00:00-04:00,RTH Lunch,5062,13853.75,Sell,780
679,2023-05-23 13:20:00-04:00,RTH Lunch,4275,13814.75,Buy,-565
680,2023-05-23 13:25:00-04:00,RTH Lunch,7169,13786.5,Sell,905
681,2023-05-23 14:55:00-04:00,RTH Lunch,3743,13741.25,Buy,195
682,2023-05-23 20:55:00-04:00,Asia Session,135,13751,Sell,270
683,2023-05-23 22:45:00-04:00,Overnight Session,99,13737.5,Buy,235
684,2023-05-24 01:20:00-04:00,Overnight Session,165,13749.25,Sell,820
685,2023-05-24 04:05:00-04:00,Overnight Session,1913,13708.25,Buy,40
686,2023-05-24 05:55:00-04:00,Overnight Session,394,13710.25,Sell,620
687,2023-05-24 08:05:00-04:00,Pre-Market,1335,13679.25,Buy,-435
688,2023-05-24 08:35:00-04:00,Pre-Market,1122,13657.5,Sell,-55
689,2023-05-24 09:30:00-04:00,RTH Session,24349,13660.25,Buy,-870
690,2023-05-24 10:00:00-04:00,RTH Session,12128,13616.75,Sell,475
691,2023-05-24 11:15:00-04:00,RTH Lunch,5411,13593,Buy,-205
692,2023-05-24 12:25:00-04:00,RTH Lunch,2339,13582.75,Sell,-230
693,2023-05-24 12:45:00-04:00,RTH Lunch,2556,13594.25,Buy,300
694,2023-05-24 14:25:00-04:00,RTH Lunch,5898,13609.25,Sell,-1055
695,2023-05-24 15:15:00-04:00,RTH Power Hour,7735,13662,Buy,-160
696,2023-05-24 16:00:00-04:00,After-Session,5459,13654,Sell,-2740
697,2023-05-24 16:20:00-04:00,After-Session,13417,13791,Buy,980
698,2023-05-24 18:30:00-04:00,Asia Session,907,13840,Sell,-30
699,2023-05-24 22:35:00-04:00,Overnight Session,455,13841.5,Buy,-90
700,2023-05-24 23:30:00-04:00,Overnight Session,286,13837,Sell,-110
701,2023-05-25 00:15:00-04:00,Overnight Session,144,13842.5,Buy,-95
702,2023-05-25 00:35:00-04:00,Overnight Session,128,13837.75,Sell,-100
703,2023-05-25 01:40:00-04:00,Overnight Session,463,13842.75,Buy,-225
704,2023-05-25 02:00:00-04:00,Overnight Session,979,13831.5,Sell,-175
705,2023-05-25 02:05:00-04:00,Overnight Session,605,13840.25,Buy,415
706,2023-05-25 03:20:00-04:00,Overnight Session,656,13861,Sell,-190
707,2023-05-25 04:15:00-04:00,Overnight Session,933,13870.5,Buy,725
708,2023-05-25 06:35:00-04:00,Overnight Session,679,13906.75,Sell,-180
709,2023-05-25 07:40:00-04:00,Overnight Session,1304,13915.75,Buy,770
710,2023-05-25 09:25:00-04:00,Pre-Market,5474,13954.25,Sell,925
711,2023-05-25 10:35:00-04:00,RTH Session,7265,13908,Buy,490
712,2023-05-25 11:50:00-04:00,RTH Lunch,8778,13932.5,Sell,-540
713,2023-05-25 12:00:00-04:00,RTH Lunch,7106,13959.5,Buy,295
714,2023-05-25 12:55:00-04:00,RTH Lunch,5408,13974.25,Sell,-690
715,2023-05-25 14:00:00-04:00,RTH Lunch,15373,14008.75,Buy,-375
716,2023-05-25 14:05:00-04:00,RTH Lunch,6850,13990,Sell,-470
717,2023-05-25 14:15:00-04:00,RTH Lunch,4957,14013.5,Buy,-390
718,2023-05-25 14:25:00-04:00,RTH Lunch,4387,13994,Sell,-55
719,2023-05-25 15:15:00-04:00,RTH Power Hour,4635,13996.75,Buy,-370
720,2023-05-25 15:55:00-04:00,RTH Power Hour,15634,13978.25,Sell,225
721,2023-05-25 19:50:00-04:00,Asia Session,141,13967,Buy,-115
722,2023-05-25 20:05:00-04:00,Asia Session,918,13961.25,Sell,-20
723,2023-05-25 20:35:00-04:00,Asia Session,181,13962.25,Buy,-500
724,2023-05-25 21:20:00-04:00,Asia Session,1983,13937.25,Sell,-415
725,2023-05-25 21:55:00-04:00,Asia Session,231,13958,Buy,-155
726,2023-05-25 23:40:00-04:00,Overnight Session,144,13950.25,Sell,-20
727,2023-05-26 00:00:00-04:00,Overnight Session,129,13951.25,Buy,-65
728,2023-05-26 00:20:00-04:00,Overnight Session,217,13948,Sell,-70
729,2023-05-26 00:40:00-04:00,Overnight Session,213,13951.5,Buy,295
730,2023-05-26 03:05:00-04:00,Overnight Session,973,13966.25,Sell,-220
731,2023-05-26 04:15:00-04:00,Overnight Session,655,13977.25,Buy,-70
732,2023-05-26 05:10:00-04:00,Overnight Session,587,13973.75,Sell,-360
733,2023-05-26 06:25:00-04:00,Overnight Session,818,13991.75,Buy,785
734,2023-05-26 08:00:00-04:00,Pre-Market,646,14031,Sell,-75
735,2023-05-26 09:10:00-04:00,Pre-Market,2257,14034.75,Buy,-330
736,2023-05-26 09:25:00-04:00,Pre-Market,1993,14018.25,Sell,-215
737,2023-05-26 09:30:00-04:00,RTH Session,16947,14029,Buy,4230
738,2023-05-26 11:15:00-04:00,RTH Lunch,7308,14240.5,Sell,-2145
739,2023-05-26 14:50:00-04:00,RTH Lunch,4351,14347.75,Buy,15
740,2023-05-26 15:30:00-04:00,RTH Power Hour,5559,14348.5,Sell,-355
741,2023-05-26 16:30:00-04:00,After-Session,830,14366.25,Buy,-90
742,2023-05-26 16:50:00-04:00,After-Session,948,14361.75,Sell,-1295
743,2023-05-28 18:00:00-04:00,Asia Session,1596,14426.5,Buy,-290
744,2023-05-28 18:55:00-04:00,Asia Session,238,14412,Sell,225
745,2023-05-28 22:15:00-04:00,Overnight Session,290,14400.75,Buy,-110
746,2023-05-28 22:25:00-04:00,Overnight Session,319,14395.25,Sell,-60
747,2023-05-28 22:55:00-04:00,Overnight Session,194,14398.25,Buy,-90
748,2023-05-28 23:55:00-04:00,Overnight Session,195,14393.75,Sell,25
749,2023-05-29 00:45:00-04:00,Overnight Session,230,14392.5,Buy,310
750,2023-05-29 03:05:00-04:00,Overnight Session,910,14408,Sell,225
751,2023-05-29 05:55:00-04:00,Overnight Session,226,14396.75,Buy,-80
752,2023-05-29 06:50:00-04:00,Overnight Session,260,14392.75,Sell,145
753,2023-05-29 08:20:00-04:00,Pre-Market,513,14385.5,Buy,-165
754,2023-05-29 08:45:00-04:00,Pre-Market,401,14377.25,Sell,-45
755,2023-05-29 09:05:00-04:00,Pre-Market,326,14379.5,Buy,-190
756,2023-05-29 09:30:00-04:00,RTH Session,987,14370,Sell,-120
757,2023-05-29 10:00:00-04:00,RTH Session,406,14376,Buy,100
758,2023-05-29 11:50:00-04:00,RTH Lunch,353,14381,Sell,-85
759,2023-05-29 12:25:00-04:00,RTH Lunch,205,14385.25,Buy,180
760,2023-05-29 18:40:00-04:00,Asia Session,218,14394.25,Sell,90
761,2023-05-29 21:00:00-04:00,Asia Session,201,14389.75,Buy,-110
762,2023-05-29 21:15:00-04:00,Asia Session,259,14384.25,Sell,-110
763,2023-05-29 21:20:00-04:00,Asia Session,156,14389.75,Buy,-90
764,2023-05-29 22:00:00-04:00,Overnight Session,142,14385.25,Sell,-5
765,2023-05-29 22:45:00-04:00,Overnight Session,114,14385.5,Buy,65
766,2023-05-30 01:10:00-04:00,Overnight Session,429,14388.75,Sell,-340
767,2023-05-30 02:00:00-04:00,Overnight Session,869,14405.75,Buy,-85
768,2023-05-30 03:00:00-04:00,Overnight Session,1388,14401.5,Sell,-210
769,2023-05-30 03:05:00-04:00,Overnight Session,905,14412,Buy,-290
770,2023-05-30 03:10:00-04:00,Overnight Session,774,14397.5,Sell,-275
771,2023-05-30 03:25:00-04:00,Overnight Session,595,14411.25,Buy,1525
772,2023-05-30 05:30:00-04:00,Overnight Session,218,14487.5,Sell,-815
773,2023-05-30 07:30:00-04:00,Overnight Session,4264,14528.25,Buy,5
774,2023-05-30 08:40:00-04:00,Pre-Market,1921,14528.5,Sell,1500
775,2023-05-30 10:50:00-04:00,RTH Session,9680,14453.5,Buy,-360
776,2023-05-30 12:10:00-04:00,RTH Lunch,4016,14435.5,Sell,-230
777,2023-05-30 12:55:00-04:00,RTH Lunch,3997,14447,Buy,-1205
778,2023-05-30 13:25:00-04:00,RTH Lunch,8406,14386.75,Sell,-120
779,2023-05-30 14:20:00-04:00,RTH Lunch,6224,14392.75,Buy,230
780,2023-05-30 15:40:00-04:00,RTH Power Hour,4917,14404.25,Sell,-55
781,2023-05-30 16:30:00-04:00,After-Session,372,14407,Buy,-365
782,2023-05-30 18:00:00-04:00,Asia Session,0,14388.75,Sell,-270
783,2023-05-30 18:35:00-04:00,Asia Session,126,14402.25,Buy,270
784,2023-05-30 20:05:00-04:00,Asia Session,361,14415.75,Sell,690
785,2023-05-30 23:20:00-04:00,Overnight Session,272,14381.25,Buy,-350
786,2023-05-31 01:00:00-04:00,Overnight Session,799,14363.75,Sell,150
787,2023-05-31 01:55:00-04:00,Overnight Session,372,14356.25,Buy,-105
788,2023-05-31 02:00:00-04:00,Overnight Session,635,14351,Sell,165
789,2023-05-31 02:40:00-04:00,Overnight Session,249,14342.75,Buy,40
790,2023-05-31 04:35:00-04:00,Overnight Session,699,14344.75,Sell,-390
791,2023-05-31 04:55:00-04:00,Overnight Session,416,14364.25,Buy,-50
792,2023-05-31 06:10:00-04:00,Overnight Session,618,14361.75,Sell,-260
793,2023-05-31 06:55:00-04:00,Overnight Session,606,14374.75,Buy,-215
794,2023-05-31 07:25:00-04:00,Overnight Session,615,14364,Sell,625
795,2023-05-31 09:10:00-04:00,Pre-Market,2372,14332.75,Buy,-510
796,2023-05-31 10:15:00-04:00,RTH Session,13167,14307.25,Sell,105
797,2023-05-31 11:50:00-04:00,RTH Lunch,6578,14302,Buy,875
798,2023-05-31 14:40:00-04:00,RTH Lunch,3016,14345.75,Sell,-85
799,2023-05-31 15:45:00-04:00,RTH Power Hour,7852,14350,Buy,-685
800,2023-05-31 15:50:00-04:00,RTH Power Hour,13807,14315.75,Sell,385
801,2023-05-31 18:20:00-04:00,Asia Session,127,14296.5,Buy,55
802,2023-05-31 20:35:00-04:00,Asia Session,476,14299.25,Sell,-285
803,2023-05-31 21:25:00-04:00,Asia Session,2564,14313.5,Buy,-800
804,2023-05-31 21:40:00-04:00,Asia Session,1426,14273.5,Sell,-95
805,2023-05-31 22:40:00-04:00,Overnight Session,272,14278.25,Buy,270
806,2023-06-01 01:55:00-04:00,Overnight Session,176,14291.75,Sell,-170
807,2023-06-01 02:05:00-04:00,Overnight Session,527,14300.25,Buy,-55
808,2023-06-01 02:45:00-04:00,Overnight Session,187,14297.5,Sell,-265
809,2023-06-01 03:10:00-04:00,Overnight Session,986,14310.75,Buy,-195
810,2023-06-01 03:50:00-04:00,Overnight Session,769,14301,Sell,-170
811,2023-06-01 04:45:00-04:00,Overnight Session,755,14309.5,Buy,-300
812,2023-06-01 05:20:00-04:00,Overnight Session,339,14294.5,Sell,-190
813,2023-06-01 05:55:00-04:00,Overnight Session,297,14304,Buy,270
814,2023-06-01 07:30:00-04:00,Overnight Session,431,14317.5,Sell,225
815,2023-06-01 09:05:00-04:00,Pre-Market,2441,14306.25,Buy,-620
816,2023-06-01 09:30:00-04:00,RTH Session,24389,14275.25,Sell,-460
817,2023-06-01 09:45:00-04:00,RTH Session,13573,14298.25,Buy,55
818,2023-06-01 10:25:00-04:00,RTH Session,8176,14301,Sell,-360
819,2023-06-01 10:35:00-04:00,RTH Session,6101,14319,Buy,2790
820,2023-06-01 12:50:00-04:00,RTH Lunch,2274,14458.5,Sell,-1200
821,2023-06-01 15:00:00-04:00,RTH Power Hour,5613,14518.5,Buy,-450
822,2023-06-01 15:20:00-04:00,RTH Power Hour,5528,14496,Sell,30
823,2023-06-01 16:30:00-04:00,After-Session,575,14494.5,Buy,-60
824,2023-06-01 18:10:00-04:00,Asia Session,85,14491.5,Sell,230
825,2023-06-01 21:30:00-04:00,Asia Session,255,14480,Buy,250
826,2023-06-01 22:55:00-04:00,Overnight Session,130,14492.5,Sell,-375
827,2023-06-01 23:30:00-04:00,Overnight Session,1146,14511.25,Buy,-65
828,2023-06-02 00:40:00-04:00,Overnight Session,222,14508,Sell,-160
829,2023-06-02 02:40:00-04:00,Overnight Session,559,14516,Buy,-370
830,2023-06-02 03:10:00-04:00,Overnight Session,845,14497.5,Sell,-330
831,2023-06-02 03:55:00-04:00,Overnight Session,545,14514,Buy,-185
832,2023-06-02 04:10:00-04:00,Overnight Session,463,14504.75,Sell,-320
833,2023-06-02 04:30:00-04:00,Overnight Session,935,14520.75,Buy,370
834,2023-06-02 05:50:00-04:00,Overnight Session,625,14539.25,Sell,-255
835,2023-06-02 07:20:00-04:00,Overnight Session,1041,14552,Buy,35
836,2023-06-02 08:00:00-04:00,Pre-Market,827,14553.75,Sell,380
837,2023-06-02 09:15:00-04:00,Pre-Market,1786,14534.75,Buy,-1065
838,2023-06-02 09:55:00-04:00,RTH Session,17150,14481.5,Sell,-1650
839,2023-06-02 10:40:00-04:00,RTH Session,8653,14564,Buy,275
840,2023-06-02 11:50:00-04:00,RTH Lunch,5624,14577.75,Sell,-265
841,2023-06-02 11:55:00-04:00,RTH Lunch,4259,14591,Buy,-330
842,2023-06-02 12:00:00-04:00,RTH Lunch,4081,14574.5,Sell,-440
843,2023-06-02 12:45:00-04:00,RTH Lunch,5702,14596.5,Buy,-205
844,2023-06-02 13:15:00-04:00,RTH Lunch,2672,14586.25,Sell,5
845,2023-06-02 14:40:00-04:00,RTH Lunch,2432,14586,Buy,-210
846,2023-06-02 15:25:00-04:00,RTH Power Hour,3344,14575.5,Sell,-235
847,2023-06-02 16:05:00-04:00,After-Session,2044,14587.25,Buy,-110
848,2023-06-02 16:35:00-04:00,After-Session,385,14581.75,Sell,-120
849,2023-06-02 16:55:00-04:00,After-Session,436,14587.75,Buy,-445
850,2023-06-04 18:00:00-04:00,Asia Session,733,14565.5,Sell,705
851,2023-06-04 20:25:00-04:00,Asia Session,332,14530.25,Buy,0
852,2023-06-04 23:40:00-04:00,Overnight Session,454,14530.25,Sell,140
853,2023-06-05 01:05:00-04:00,Overnight Session,159,14523.25,Buy,140
854,2023-06-05 02:45:00-04:00,Overnight Session,252,14530.25,Sell,-85
855,2023-06-05 02:50:00-04:00,Overnight Session,208,14534.5,Buy,245
856,2023-06-05 04:05:00-04:00,Overnight Session,685,14546.75,Sell,15
857,2023-06-05 06:30:00-04:00,Overnight Session,1077,14546,Buy,45
858,2023-06-05 07:40:00-04:00,Overnight Session,852,14548.25,Sell,-380
859,2023-06-05 08:40:00-04:00,Pre-Market,1112,14567.25,Buy,785
860,2023-06-05 10:25:00-04:00,RTH Session,6524,14606.5,Sell,-575
861,2023-06-05 10:40:00-04:00,RTH Session,7899,14635.25,Buy,685
862,2023-06-05 11:55:00-04:00,RTH Lunch,4016,14669.5,Sell,1390
863,2023-06-05 15:20:00-04:00,RTH Power Hour,5427,14600,Buy,-535
864,2023-06-05 18:15:00-04:00,Asia Session,235,14573.25,Sell,-15
865,2023-06-05 19:05:00-04:00,Asia Session,303,14574,Buy,-290
866,2023-06-05 19:45:00-04:00,Asia Session,313,14559.5,Sell,-130
867,2023-06-05 19:55:00-04:00,Asia Session,176,14566,Buy,465
868,2023-06-05 22:45:00-04:00,Overnight Session,126,14589.25,Sell,-155
869,2023-06-06 00:30:00-04:00,Overnight Session,736,14597,Buy,-175
870,2023-06-06 00:55:00-04:00,Overnight Session,208,14588.25,Sell,-160
871,2023-06-06 01:10:00-04:00,Overnight Session,247,14596.25,Buy,-105
872,2023-06-06 01:20:00-04:00,Overnight Session,217,14591,Sell,120
873,2023-06-06 03:05:00-04:00,Overnight Session,624,14585,Buy,140
874,2023-06-06 04:20:00-04:00,Overnight Session,500,14592,Sell,310
875,2023-06-06 06:40:00-04:00,Overnight Session,660,14576.5,Buy,-110
876,2023-06-06 08:10:00-04:00,Pre-Market,1501,14571,Sell,-150
877,2023-06-06 09:10:00-04:00,Pre-Market,1325,14578.5,Buy,-350
878,2023-06-06 09:25:00-04:00,Pre-Market,3636,14561,Sell,125
879,2023-06-06 10:10:00-04:00,RTH Session,12326,14554.75,Buy,150
880,2023-06-06 11:25:00-04:00,RTH Lunch,12154,14562.25,Sell,-690
881,2023-06-06 11:45:00-04:00,RTH Lunch,6934,14596.75,Buy,-145
882,2023-06-06 12:20:00-04:00,RTH Lunch,3430,14589.5,Sell,300
883,2023-06-06 13:30:00-04:00,RTH Lunch,4587,14574.5,Buy,-450
884,2023-06-06 13:55:00-04:00,RTH Lunch,6812,14552,Sell,-380
885,2023-06-06 14:10:00-04:00,RTH Lunch,4508,14571,Buy,255
886,2023-06-06 15:40:00-04:00,RTH Power Hour,7321,14583.75,Sell,-260
887,2023-06-06 16:00:00-04:00,After-Session,5126,14596.75,Buy,-155
888,2023-06-06 16:25:00-04:00,After-Session,317,14589,Sell,45
889,2023-06-06 19:15:00-04:00,Asia Session,204,14586.75,Buy,65
890,2023-06-06 20:25:00-04:00,Asia Session,268,14590,Sell,-130
891,2023-06-06 20:35:00-04:00,Asia Session,416,14596.5,Buy,-90
892,2023-06-06 20:55:00-04:00,Asia Session,246,14592,Sell,330
893,2023-06-06 22:35:00-04:00,Overnight Session,108,14575.5,Buy,125
894,2023-06-07 00:45:00-04:00,Overnight Session,166,14581.75,Sell,635
895,2023-06-07 04:25:00-04:00,Overnight Session,316,14550,Buy,1165
896,2023-06-07 08:20:00-04:00,Pre-Market,1142,14608.25,Sell,-1220
897,2023-06-07 09:30:00-04:00,RTH Session,31278,14669.25,Buy,-1200
898,2023-06-07 10:05:00-04:00,RTH Session,8809,14609.25,Sell,2570
899,2023-06-07 11:35:00-04:00,RTH Lunch,6027,14480.75,Buy,-515
900,2023-06-07 11:40:00-04:00,RTH Lunch,6050,14455,Sell,-490
901,2023-06-07 11:45:00-04:00,RTH Lunch,5418,14479.5,Buy,-570
902,2023-06-07 11:50:00-04:00,RTH Lunch,11700,14451,Sell,-25
903,2023-06-07 12:05:00-04:00,RTH Lunch,5331,14452.25,Buy,-390
904,2023-06-07 12:10:00-04:00,RTH Lunch,6414,14432.75,Sell,140
905,2023-06-07 12:40:00-04:00,RTH Lunch,4992,14425.75,Buy,-1225
906,2023-06-07 13:15:00-04:00,RTH Lunch,8079,14364.5,Sell,-160
907,2023-06-07 13:25:00-04:00,RTH Lunch,5506,14372.5,Buy,-315
908,2023-06-07 13:30:00-04:00,RTH Lunch,7809,14356.75,Sell,-205
909,2023-06-07 13:40:00-04:00,RTH Lunch,5267,14367,Buy,-915
910,2023-06-07 15:35:00-04:00,RTH Power Hour,9319,14321.25,Sell,-25
911,2023-06-07 16:20:00-04:00,After-Session,573,14322.5,Buy,195
912,2023-06-07 21:15:00-04:00,Asia Session,128,14332.25,Sell,-65
913,2023-06-07 21:25:00-04:00,Asia Session,318,14335.5,Buy,-65
914,2023-06-07 21:30:00-04:00,Asia Session,426,14332.25,Sell,165
915,2023-06-07 23:05:00-04:00,Overnight Session,211,14324,Buy,-55
916,2023-06-07 23:25:00-04:00,Overnight Session,205,14321.25,Sell,865
917,2023-06-08 01:15:00-04:00,Overnight Session,541,14278,Buy,970
918,2023-06-08 05:15:00-04:00,Overnight Session,295,14326.5,Sell,-330
919,2023-06-08 05:40:00-04:00,Overnight Session,2787,14343,Buy,-15
920,2023-06-08 06:05:00-04:00,Overnight Session,397,14342.25,Sell,-190
921,2023-06-08 06:10:00-04:00,Overnight Session,907,14351.75,Buy,-150
922,2023-06-08 06:20:00-04:00,Overnight Session,560,14344.25,Sell,45
923,2023-06-08 08:30:00-04:00,Pre-Market,9999,14342,Buy,-120
924,2023-06-08 09:30:00-04:00,RTH Session,28757,14336,Sell,-545
925,2023-06-08 09:35:00-04:00,RTH Session,16927,14363.25,Buy,2625
926,2023-06-08 11:55:00-04:00,RTH Lunch,7577,14494.5,Sell,605
927,2023-06-08 14:20:00-04:00,RTH Lunch,3443,14464.25,Buy,635
928,2023-06-08 16:05:00-04:00,After-Session,1303,14496,Sell,-370
929,2023-06-08 16:30:00-04:00,After-Session,963,14514.5,Buy,-160
930,2023-06-08 18:05:00-04:00,Asia Session,183,14506.5,Sell,335
931,2023-06-08 21:25:00-04:00,Asia Session,152,14489.75,Buy,-90
932,2023-06-08 22:10:00-04:00,Overnight Session,188,14485.25,Sell,-60
933,2023-06-08 22:25:00-04:00,Overnight Session,89,14488.25,Buy,155
934,2023-06-09 00:05:00-04:00,Overnight Session,128,14496,Sell,-25
935,2023-06-09 01:30:00-04:00,Overnight Session,219,14497.25,Buy,-105
936,2023-06-09 02:15:00-04:00,Overnight Session,115,14492,Sell,-135
937,2023-06-09 02:30:00-04:00,Overnight Session,204,14498.75,Buy,-50
938,2023-06-09 02:35:00-04:00,Overnight Session,119,14496.25,Sell,355
939,2023-06-09 04:05:00-04:00,Overnight Session,696,14478.5,Buy,430
940,2023-06-09 05:45:00-04:00,Overnight Session,365,14500,Sell,-215
941,2023-06-09 06:20:00-04:00,Overnight Session,313,14510.75,Buy,-220
942,2023-06-09 06:30:00-04:00,Overnight Session,573,14499.75,Sell,-340
943,2023-06-09 07:10:00-04:00,Overnight Session,1076,14516.75,Buy,2535
944,2023-06-09 10:35:00-04:00,RTH Session,6866,14643.5,Sell,1985
945,2023-06-09 12:50:00-04:00,RTH Lunch,3449,14544.25,Buy,485
946,2023-06-09 14:35:00-04:00,RTH Lunch,3988,14568.5,Sell,5
947,2023-06-09 16:15:00-04:00,After-Session,348,14568.25,Buy,Null
